City_ID,City,Lat,Lng,Max Temp,Humidity,Cloudiness,Wind Speed,Country,Date
0,iqaluit,63.7506,-68.5145,-4.15,79,100,5.66,CA,1698325913
1,kismayo,-0.3582,42.5454,28.6,71,40,5.52,SO,1698325913
2,lata,40.1629,-8.3327,17.26,93,100,1.64,PT,1698325913
3,tsiombe,-25.3,45.4833,25.82,42,17,6.15,MG,1698325913
4,grand falls-windsor,48.9332,-55.6649,9.72,95,99,3.66,CA,1698325913
5,bethel,41.3712,-73.414,17.86,75,0,0.0,US,1698325914
6,lihue,21.9789,-159.3672,22.58,83,0,3.6,US,1698325914
7,west island,-12.1568,96.8225,25.99,83,100,7.72,CC,1698325914
8,eydhafushi,5.1033,73.0708,28.1,75,24,3.73,MV,1698325915
9,port-aux-francais,-49.35,70.2167,1.73,81,100,11.63,TF,1698325915
10,papatowai,-46.5619,169.4708,3.03,86,100,7.82,NZ,1698325915
11,nova vicosa,-17.8919,-39.3719,29.65,66,78,5.0,BR,1698325915
12,ilulissat,69.2167,-51.1,-0.99,69,75,7.2,GL,1698325916
13,edinburgh of the seven seas,-37.0676,-12.3116,11.83,59,81,2.37,SH,1698325916
14,coquimbo,-29.9533,-71.3436,14.73,76,57,1.42,CL,1698325916
15,invercargill,-46.4,168.35,3.34,94,100,2.24,NZ,1698325916
16,dhidhdhoo,6.8833,73.1,28.89,71,12,3.54,MV,1698325917
17,adamstown,-25.066,-130.1015,22.12,81,18,7.28,PN,1698325806
18,gornozavodsk,58.3758,58.3211,-5.16,65,32,4.3,RU,1698325917
19,udachny,66.4167,112.4,-13.13,96,98,1.77,RU,1698325826
20,lebu,-37.6167,-73.65,11.76,78,100,6.37,CL,1698325917
21,jamestown,42.097,-79.2353,18.08,67,100,2.57,US,1698325741
22,beyneu,45.3167,55.2,8.94,56,78,2.7,KZ,1698325917
23,albany,42.6001,-73.9662,16.44,76,83,0.76,US,1698325918
24,tiksi,71.6872,128.8694,-8.43,88,100,3.36,RU,1698325918
25,wailua homesteads,22.0669,-159.378,22.24,83,0,3.6,US,1698325918
26,casilda,-33.0442,-61.1681,23.03,51,87,4.04,AR,1698325828
27,ushuaia,-54.8,-68.3,2.79,78,98,5.42,AR,1698325672
28,mar del plata,-38.0023,-57.5575,17.42,56,0,6.42,AR,1698325919
29,xinyuan,37.3,99.0,-0.86,49,4,1.4,CN,1698325919
30,bilibino,68.0546,166.4372,-12.55,97,100,0.91,RU,1698325919
31,anadyr,64.75,177.4833,0.28,100,100,2.0,RU,1698325484
32,hawaiian paradise park,19.5933,-154.9731,23.35,98,100,3.09,US,1698325919
33,tura,25.5198,90.2201,20.69,84,0,1.02,IN,1698325763
34,la passe,45.5549,-0.8967,15.55,93,100,6.47,FR,1698325919
35,waitangi,-43.9535,-176.5597,14.34,91,99,3.13,NZ,1698325920
36,gumushkhane,40.4603,39.4814,19.62,46,100,3.61,TR,1698325920
37,mahibadhoo,3.7833,72.9667,27.79,78,90,3.89,MV,1698325920
38,la'ie,21.6477,-157.9253,22.98,75,45,0.85,US,1698325920
39,thompson,55.7435,-97.8558,-6.72,76,9,2.24,CA,1698325764
40,grytviken,-54.2811,-36.5092,2.97,92,100,8.29,GS,1698325921
41,praia da vitoria,38.7333,-27.0667,18.75,70,100,7.06,PT,1698325888
42,formosa do rio preto,-11.0483,-45.1931,38.66,25,57,1.38,BR,1698325921
43,dunedin,-45.8742,170.5036,4.89,87,100,2.68,NZ,1698325623
44,ulaangom,49.9811,92.0667,3.06,55,100,1.02,MN,1698325922
45,ubari,26.5921,12.7805,33.89,13,3,3.67,LY,1698325922
46,longyearbyen,78.2186,15.6401,-4.09,80,75,3.6,SJ,1698325922
47,nikel,69.4128,30.222,-1.9,94,100,3.47,RU,1698325784
48,port augusta,-32.5,137.7667,12.5,61,0,5.07,AU,1698325923
49,aasiaat,68.7098,-52.8699,-5.18,81,100,5.13,GL,1698325923
50,andong,36.5656,128.725,13.66,90,41,1.08,KR,1698325190
51,whitehorse,60.7161,-135.0538,-9.55,85,0,1.03,CA,1698325923
52,puerto natales,-51.7236,-72.4875,5.25,60,40,8.75,CL,1698325924
53,qionghu,28.843,112.3522,20.29,87,100,3.5,CN,1698325665
54,miquelon,47.0975,-56.3814,12.0,89,76,9.08,PM,1698325924
55,flin flon,54.7682,-101.865,-4.09,80,100,2.57,CA,1698325924
56,la ronge,55.1001,-105.2842,-7.86,73,40,2.06,CA,1698325924
57,zapala,-38.8992,-70.0544,16.3,18,34,4.94,AR,1698325925
58,tazacorte,28.629,-17.9293,24.54,83,75,4.63,ES,1698325925
59,yellowknife,62.456,-114.3525,-1.44,92,100,5.14,CA,1698325925
60,as suwayq,23.8494,57.4386,29.08,56,100,2.34,OM,1698325866
61,evergreen,39.6333,-105.3172,7.87,53,100,0.89,US,1698325925
62,hamilton,39.1834,-84.5333,17.22,81,75,3.6,US,1698325605
63,iwade,34.25,135.3167,18.89,59,100,1.43,JP,1698325560
64,muisne,0.6,-80.0333,25.24,83,100,5.75,EC,1698325926
65,talnakh,69.4865,88.3972,-13.4,95,88,1.97,RU,1698325926
66,ramnagar,29.4,79.1167,20.74,63,0,1.68,IN,1698325404
67,bafoulabe,13.8065,-10.8321,38.7,14,10,0.88,ML,1698325927
68,tondano,1.3038,124.9112,21.05,87,28,1.22,ID,1698325927
69,bogale,16.2833,95.4,26.77,81,41,1.72,MM,1698325869
70,bredasdorp,-34.5322,20.0403,24.42,48,4,6.79,ZA,1698325928
71,blackmans bay,-43.0167,147.3167,7.63,76,100,0.89,AU,1698325928
72,margaret river,-33.95,115.0667,12.75,69,0,4.57,AU,1698325928
73,taguatinga,-12.3857,-46.5711,35.42,35,100,2.3,BR,1698325928
74,egilsstadir,65.2653,-14.3948,3.95,93,75,4.12,IS,1698325928
75,cide,41.8921,33.0044,22.93,57,100,1.79,TR,1698325928
76,avarua,-21.2078,-159.775,21.03,68,100,2.57,CK,1698325796
77,kingston,17.997,-76.7936,27.91,90,32,2.04,JM,1698325929
78,itigi,-5.7,34.4833,33.46,20,85,5.39,TZ,1698325827
79,nyaungdon,17.0333,95.65,27.18,78,21,1.68,MM,1698325929
80,nurota,40.5614,65.6886,17.0,46,100,2.88,UZ,1698325929
81,ambodifotatra,-16.9833,49.85,25.96,86,48,8.34,MG,1698325930
82,afaahiti,-17.75,-149.2833,23.93,80,97,1.54,PF,1698325930
83,raduzhny,62.0961,77.475,-4.45,92,100,7.07,RU,1698325780
84,north bend,43.4065,-124.2243,6.26,100,40,3.6,US,1698325930
85,castillos,-34.1667,-53.8333,15.54,56,0,2.86,UY,1698325931
86,izhmorskiy,56.194,86.6414,7.67,91,100,7.1,RU,1698325931
87,dakhla,23.6848,-15.958,22.32,69,0,8.58,EH,1698325820
88,arraial do cabo,-22.9661,-42.0278,20.92,94,75,8.23,BR,1698325813
89,kill devil hills,36.0307,-75.676,19.43,97,0,0.0,US,1698325931
90,leku,6.8667,38.45,21.02,78,84,2.41,ET,1698325932
91,puerto ayora,-0.7393,-90.3518,23.64,90,98,4.02,EC,1698325932
92,port said,31.2565,32.2841,26.4,74,77,2.48,EG,1698325932
93,kristiansund,63.1115,7.732,8.03,53,0,2.06,NO,1698325932
94,birao,10.2849,22.7882,35.56,27,100,2.81,CF,1698325933
95,salym,60.0625,71.4789,-4.44,92,100,4.36,RU,1698325933
96,pangai,-19.8,-174.35,23.19,76,95,9.32,TO,1698325933
97,rosarito,32.3333,-117.0333,16.9,73,81,1.94,MX,1698325933
98,conde,-7.2597,-34.9075,29.7,62,75,5.14,BR,1698325933
99,saynshand,44.8824,110.1163,10.21,19,4,2.7,MN,1698325932
100,stanley,54.868,-1.6985,9.77,95,75,3.6,GB,1698325934
101,college,64.8569,-147.8028,-11.03,86,40,0.0,US,1698325934
102,cadale,2.7603,46.3222,28.8,73,92,4.6,SO,1698325934
103,alofi,-19.0595,-169.9187,23.19,72,100,8.42,NU,1698325732
104,katsuura,35.1333,140.3,18.34,57,95,0.63,JP,1698325713
105,puerto supe,-10.8167,-77.75,18.87,84,95,2.55,PE,1698325935
106,peace river,56.2501,-117.286,-3.83,86,75,5.66,CA,1698325935
107,laojunmiao,39.8333,97.7333,9.84,22,0,2.7,CN,1698325935
108,isafjordur,66.0755,-23.124,2.02,80,40,1.03,IS,1698325935
109,lompoc,34.6391,-120.4579,12.79,87,0,5.36,US,1698325915
110,kodiak,57.79,-152.4072,6.73,70,100,5.14,US,1698325935
111,hermanus,-34.4187,19.2345,18.72,79,0,4.5,ZA,1698325936
112,puerto deseado,-47.7503,-65.8938,7.0,76,100,15.81,AR,1698325936
113,teknaf,20.8624,92.3058,25.64,81,9,3.22,BD,1698325936
114,siocon,7.7061,122.1353,26.38,83,100,0.78,PH,1698325936
115,karabash,55.4808,60.2157,-2.0,85,32,5.44,RU,1698325739
116,qaqortoq,60.7167,-46.0333,0.84,52,100,2.36,GL,1698325937
117,vadso,70.0744,29.7487,-0.91,86,100,1.54,NO,1698325937
118,harstad,68.799,16.5293,3.12,97,96,1.34,NO,1698325937
119,smithers,54.7804,-127.1743,-9.82,92,0,1.03,CA,1698325937
120,taltal,-25.4,-70.4833,16.3,74,22,1.66,CL,1698325937
121,georgetown,5.4112,100.3354,27.96,89,40,2.06,MY,1698325747
122,labrador city,52.9463,-66.9114,-0.05,86,75,2.57,CA,1698325937
123,hammerfest,70.6634,23.6821,0.25,80,100,0.51,NO,1698325938
124,fale old settlement,-9.3852,-171.2468,27.94,79,100,6.19,TK,1698325938
125,fort bragg,35.139,-79.006,16.57,95,0,0.0,US,1698325938
126,bandarbeyla,9.4942,50.8122,27.4,77,100,4.42,SO,1698325938
127,east london,-33.0153,27.9116,25.52,65,0,6.17,ZA,1698325938
128,sampacho,-33.3839,-64.7221,19.09,65,89,4.14,AR,1698325939
129,chonchi,-42.6128,-73.8092,11.73,88,100,0.69,CL,1698325941
130,tazovsky,67.4667,78.7,-11.34,92,75,3.04,RU,1698325941
131,rahuri,19.3833,74.65,26.23,30,75,3.65,IN,1698325355
132,nahiyat ash shinafiyah,31.5874,44.6602,29.37,31,0,1.17,IQ,1698325941
133,zvishavane,-20.3267,30.0665,29.93,34,0,4.4,ZW,1698325942
134,borogontsy,62.6683,131.1683,-11.85,99,100,0.64,RU,1698325942
135,shingu,33.7333,135.9833,15.15,66,100,2.61,JP,1698325942
136,tofol,5.3248,163.0078,28.85,75,100,4.33,FM,1698325942
137,mount gambier,-37.8333,140.7667,8.02,78,65,2.87,AU,1698325942
138,plettenberg bay,-34.0527,23.3716,22.15,58,95,1.41,ZA,1698325914
139,balsas,-7.5325,-46.0356,33.23,42,50,3.24,BR,1698325942
140,klyuchi,52.2667,79.1667,4.41,65,100,8.97,RU,1698325943
141,nemuro,43.3236,145.575,12.99,80,59,2.04,JP,1698325943
142,tongshan,34.1805,117.1571,20.76,46,100,6.07,CN,1698325765
143,ribeira grande,38.5167,-28.7,19.32,63,40,4.63,PT,1698325651
144,albertina,-22.2008,-46.6158,26.24,58,32,3.73,BR,1698325943
145,mojo,8.6,39.1167,25.16,44,61,7.99,ET,1698325943
146,taro,-8.3862,115.28,23.0,93,7,0.15,ID,1698325944
147,esmeraldas,-19.7625,-44.3139,29.3,50,9,2.83,BR,1698325917
148,keflavik,64.0049,-22.5624,8.24,81,0,3.09,IS,1698325675
149,palmer,42.1584,-72.3287,17.18,90,75,0.0,US,1698325862
150,trairi,-3.2778,-39.2689,30.56,52,12,5.41,BR,1698325944
151,arno,60.1167,18.6333,3.21,79,100,4.5,SE,1698325945
152,polyarnyy,69.1989,33.4478,-2.9,89,100,3.97,RU,1698325945
153,naze,28.3667,129.4833,20.36,60,100,3.78,JP,1698325945
154,hastings,50.8552,0.5729,16.66,28,7,7.17,GB,1698325872
155,akdagmadeni,39.6603,35.8836,20.6,30,100,5.14,TR,1698325946
156,richards bay,-28.783,32.0377,26.63,58,5,7.25,ZA,1698325866
157,fortuna,40.5982,-124.1573,4.64,97,0,3.6,US,1698325946
158,calvinia,-31.4707,19.776,30.17,10,99,7.89,ZA,1698325946
159,happy valley-goose bay,53.3168,-60.3315,5.17,87,75,6.69,CA,1698325947
160,nar'yan-mar,67.6713,53.087,-8.27,97,92,1.34,RU,1698325947
161,abadeh,31.1608,52.6506,14.04,56,100,0.37,IR,1698325947
162,turbat,26.0023,63.044,33.29,24,100,4.5,PK,1698325948
163,armacao de buzios,-22.7469,-41.8817,21.03,82,57,4.12,BR,1698325948
164,ancud,-41.8697,-73.8203,11.19,78,23,3.3,CL,1698325836
165,carnarvon,-24.8667,113.6333,20.93,77,5,9.63,AU,1698325948
166,sitka,57.0531,-135.33,3.94,52,0,0.0,US,1698325949
167,illizi,26.4833,8.4667,33.5,14,0,4.08,DZ,1698325924
168,yangambi,0.8102,24.4336,25.9,70,100,1.76,CD,1698325949
169,ponneri,13.3167,80.2,29.99,73,29,4.92,IN,1698325949
170,sheregesh,52.9209,87.9869,11.64,66,100,3.8,RU,1698325949
171,hirara,24.8,125.2833,24.55,76,58,5.56,JP,1698325950
172,undurkhaan,47.3194,110.6556,6.37,32,89,2.31,MN,1698325950
173,sheringham,52.9408,1.2093,12.28,93,100,7.12,GB,1698325950
174,segezha,63.7415,34.3222,-1.3,77,47,2.82,RU,1698325800
175,manismata,-2.4667,111.0333,26.0,80,93,1.21,ID,1698325951
176,kalmunai,7.4167,81.8167,26.88,75,23,2.72,LK,1698325952
177,hithadhoo,-0.6,73.0833,27.41,80,15,7.68,MV,1698325952
178,ta`u,-14.2336,-169.5144,26.22,79,100,7.81,AS,1698325952
179,strezhevoy,60.7333,77.5889,-0.58,73,100,1.34,RU,1698325953
180,malangali,-8.5667,34.85,30.65,26,37,6.95,TZ,1698325846
181,nacala,-14.5428,40.6728,30.48,59,0,5.03,MZ,1698325804
182,petropavlovsk-kamchatsky,53.0452,158.6483,4.14,78,2,2.68,RU,1698325953
183,at taj,24.2049,23.2857,30.19,16,100,2.02,LY,1698325873
184,nuku'alofa,-21.1333,-175.2,22.19,78,20,5.66,TO,1698325953
185,badger,64.8,-147.5333,-11.07,89,20,0.0,US,1698325953
186,pyapon,16.2833,95.6833,26.96,79,25,1.75,MM,1698325954
187,yamba,-5.9,22.3,32.85,44,85,2.56,CD,1698325954
188,cidreira,-30.1811,-50.2056,18.34,62,36,3.79,BR,1698325935
189,jiwani,25.05,61.7417,27.75,72,100,4.88,PK,1698325955
190,port erin,54.0849,-4.751,12.93,88,75,6.69,IM,1698325955
191,susuman,62.7833,148.1667,-23.54,99,53,0.58,RU,1698325955
192,ouesso,1.6136,16.0517,27.59,69,75,1.97,CG,1698325955
193,zhosaly,45.4878,64.0781,8.99,41,100,5.64,KZ,1698325832
194,senillosa,-39.0,-68.4167,20.9,27,0,7.29,AR,1698325955
195,al fuwayliq,26.4432,43.2534,29.73,23,0,3.4,SA,1698325955
196,santa elena de uairen,4.6167,-61.1333,25.73,63,100,1.78,VE,1698325955
197,kolonia,50.9333,6.95,13.79,77,20,1.54,DE,1698325742
198,ojinaga,29.5667,-104.4167,14.76,62,0,2.06,MX,1698325956
199,yeppoon,-23.1333,150.7333,18.88,85,5,2.24,AU,1698325956
200,el jadid,33.2549,-8.506,21.96,72,100,2.47,MA,1698325957
201,puqi,29.7167,113.8833,22.39,57,100,0.78,CN,1698325957
202,uturoa,-16.7333,-151.4333,25.91,81,100,4.77,PF,1698325957
203,mount isa,-20.7333,139.5,23.87,10,0,7.2,AU,1698325957
204,ploneour-lanvern,47.9,-4.2833,16.16,88,75,3.6,FR,1698325957
205,kievka,50.2619,71.5514,0.68,54,100,6.62,KZ,1698325958
206,arkalyk,50.2486,66.9114,-0.2,43,5,4.33,KZ,1698325958
207,emiliano zapata,18.8333,-99.1833,20.37,92,79,0.55,MX,1698325660
208,orshanka,56.9161,47.8933,-2.86,91,9,1.23,RU,1698325958
209,faya-largeau,17.9257,19.1043,38.94,10,0,4.12,TD,1698325958
210,arteche,12.2645,125.4048,25.97,81,25,1.08,PH,1698325958
211,guangyuan,32.442,105.823,18.07,83,100,1.68,CN,1698325959
212,posse,-14.0931,-46.3694,25.46,64,100,1.42,BR,1698325921
213,kapuskasing,49.4169,-82.4331,1.05,93,100,3.09,CA,1698325959
214,hami,42.8,93.45,16.44,25,0,3.35,CN,1698325750
215,san antonio de pale,-1.4014,5.6325,24.43,90,100,3.82,GQ,1698325959
216,mandera,3.9366,41.867,33.53,39,100,4.82,KE,1698325959
217,kourou,5.1552,-52.6478,31.03,57,97,4.74,GF,1698325960
218,benguela,-12.5763,13.4055,24.56,80,100,3.27,AO,1698325960
219,haiku-pauwela,20.9219,-156.3051,22.8,77,37,2.05,US,1698325960
220,buriti alegre,-18.14,-49.0403,30.68,40,86,2.23,BR,1698325960
221,vorgashor,67.5833,63.95,-12.21,97,100,1.17,RU,1698325960
222,radhanpur,23.8333,71.6,31.02,33,29,2.78,IN,1698325960
223,holmsund,63.706,20.3641,2.97,69,75,2.68,SE,1698325961
224,kruisfontein,-34.0033,24.7314,24.75,47,93,4.93,ZA,1698325961
225,khandyga,62.6667,135.6,-7.81,97,100,0.58,RU,1698325961
226,ortona,42.3496,14.4039,26.59,53,100,5.2,IT,1698325743
227,tolanaro,-25.0319,46.9987,23.54,63,42,5.04,MG,1698325961
228,saipan,15.1355,145.701,27.39,89,40,2.06,MP,1698325962
229,trzacka rastela,44.9733,15.7903,18.32,70,100,5.31,BA,1698325962
230,shakawe,-18.3667,21.85,39.7,12,98,2.2,BW,1698325962
231,silvi,42.5456,14.122,27.04,46,97,8.75,IT,1698325749
232,porto novo,6.4965,2.6036,30.9,60,98,4.8,BJ,1698325962
233,kupang,-10.1667,123.5833,28.32,78,20,3.09,ID,1698325962
234,atafu village,-8.5421,-172.5159,28.13,77,100,5.4,TK,1698325963
235,nova sintra,14.8667,-24.7167,24.55,78,100,9.48,CV,1698325963
236,north bondi,-33.8824,151.2769,15.94,62,75,11.32,AU,1698325963
237,al kharijah,25.4514,30.5464,37.11,15,0,1.82,EG,1698325963
238,pavlovka,52.6897,47.1405,-0.46,59,100,4.15,RU,1698325964
239,lupane,-18.9315,27.807,39.02,11,13,3.03,ZW,1698325964
240,champerico,14.3,-91.9167,24.3,86,100,3.05,GT,1698325964
241,pacific grove,36.6177,-121.9166,12.06,91,0,0.89,US,1698325675
242,tarakan,3.3,117.6333,28.52,69,12,2.11,ID,1698325964
243,mont-laurier,46.5501,-75.4993,13.79,94,100,0.81,CA,1698325964
244,rio branco,-9.9747,-67.81,31.34,62,0,4.12,BR,1698325965
245,port alfred,-33.5906,26.891,23.43,76,100,3.13,ZA,1698325955
246,olonkinbyen,70.9221,-8.7187,-0.2,78,65,1.72,SJ,1698325965
247,constantia,44.1833,28.65,24.38,56,100,5.93,RO,1698325966
248,fada,9.5667,8.3,31.97,26,93,1.16,NG,1698325966
249,kattivakkam,13.2167,80.3167,30.04,73,43,5.55,IN,1698325752
250,mokhsogollokh,61.4681,128.9203,-13.76,98,67,1.09,RU,1698325966
251,jinshi,29.6049,111.8701,20.96,75,99,3.11,CN,1698325966
252,lazaro cardenas,17.9583,-102.2,24.2,87,25,2.27,MX,1698325966
253,port douglas,-16.4833,145.4667,22.92,82,45,0.86,AU,1698325967
254,darnah,32.767,22.6367,28.87,41,7,2.57,LY,1698325967
255,ungheni,47.2042,27.7958,19.6,64,0,3.09,MD,1698325787
256,kargasok,59.0556,80.8572,-0.58,92,100,7.15,RU,1698325967
257,jiaojiang,28.6803,121.4428,19.7,93,100,0.96,CN,1698325847
258,vilyuchinsk,52.9306,158.4028,4.96,79,3,4.44,RU,1698325967
259,acapulco de juarez,16.8634,-99.8901,24.58,78,100,1.89,MX,1698325967
260,selfoss,63.9331,-20.9971,8.91,73,30,3.91,IS,1698325968
261,loma de cabrera,19.4333,-71.6,24.43,75,0,1.83,DO,1698325968
262,talcher,20.95,85.2167,24.28,59,5,2.12,IN,1698325968
263,velizh,55.6056,31.1967,-1.13,92,100,5.67,RU,1698325969
264,necochea,-38.5473,-58.7368,20.13,48,0,7.4,AR,1698325865
265,port mathurin,-19.6833,63.4167,24.73,81,57,6.92,MU,1698325969
266,kapa'a,22.0752,-159.319,22.99,83,0,3.6,US,1698325969
267,plymouth,41.8334,-70.8328,18.94,83,20,1.54,US,1698325969
268,buala,-8.145,159.5921,26.75,84,82,1.85,SB,1698325970
269,oyama,36.3,139.8,21.44,58,93,1.5,JP,1698325692
270,iskateley,67.6803,53.1512,-8.32,97,91,1.34,RU,1698325970
271,izazi,-7.2,35.7333,36.3,21,43,6.73,TZ,1698325828
272,port elizabeth,-33.918,25.5701,26.29,60,0,4.12,ZA,1698325970
273,leh,34.1667,77.5833,5.01,26,2,2.36,IN,1698325971
274,saint-joseph,-21.3667,55.6167,27.21,78,26,2.04,RE,1698325971
275,tromso,69.6496,18.957,3.01,87,75,6.17,NO,1698325971
276,san juan,-31.5375,-68.5364,21.1,51,0,0.95,AR,1698325971
277,broome,42.2506,-75.833,17.04,72,31,1.34,US,1698325971
278,liuli,-11.0833,34.6333,30.95,54,100,3.08,TZ,1698325972
279,long beach,33.767,-118.1892,18.26,89,100,0.0,US,1698325740
280,tralee,52.2704,-9.7026,14.14,88,75,2.57,IE,1698325947
281,guaramirim,-26.4731,-49.0028,21.07,98,100,0.69,BR,1698325972
282,puerto baquerizo moreno,-0.9,-89.6,23.26,81,87,5.89,EC,1698325973
283,imbituba,-28.24,-48.6703,20.5,71,97,4.18,BR,1698325915
284,berezovo,63.9381,65.0419,-7.76,89,74,4.63,RU,1698325973
285,merritt,50.1123,-120.7942,-7.6,85,100,1.23,CA,1698325973
286,washington,47.5001,-120.5015,2.58,84,80,1.29,US,1698325864
287,kenitra,34.261,-6.5802,23.42,69,100,4.76,MA,1698325693
288,ghanzi,-21.5667,21.7833,39.47,6,0,5.44,BW,1698325974
289,yangjiang,21.85,111.9667,23.72,88,19,2.06,CN,1698325974
290,hasaki,35.7333,140.8333,13.22,57,7,2.58,JP,1698325724
291,nampula,-15.1165,39.2666,35.97,26,40,2.57,MZ,1698325975
292,mitsamiouli,-11.3847,43.2844,27.64,77,0,2.42,KM,1698325975
293,punta arenas,-53.15,-70.9167,3.95,80,97,6.26,CL,1698325976
294,banda aceh,5.5577,95.3222,27.07,80,88,4.88,ID,1698325507
295,klaksvik,62.2266,-6.589,10.51,90,36,11.05,FO,1698325976
296,newman,37.3138,-121.0208,12.13,88,0,0.45,US,1698325976
297,al jammaliyah,31.1809,31.8652,29.59,53,100,3.92,EG,1698325866
298,gaalkacyo,6.7697,47.4308,31.4,48,98,5.41,SO,1698325976
299,aldinga beach,-35.2793,138.4604,11.91,79,94,5.19,AU,1698325977
300,dudinka,69.4058,86.1778,-12.96,99,91,1.34,RU,1698325794
301,hugo,45.16,-92.9933,14.03,97,100,2.57,US,1698325977
302,valparaiso,-33.0393,-71.6273,16.67,63,100,1.03,CL,1698325977
303,capao bonito,-24.0058,-48.3494,17.72,98,100,0.72,BR,1698325881
304,vorkuta,67.5,64.0,-12.57,96,100,1.62,RU,1698325681
305,alaghsas,17.0187,8.0168,37.94,8,0,6.69,NE,1698325977
306,lautoka,-17.6167,177.4667,22.92,83,40,2.06,FJ,1698325900
307,pathein,16.7833,94.7333,25.2,90,100,2.71,MM,1698325977
308,san patricio,28.017,-97.5169,27.13,86,82,5.11,US,1698325978
309,calama,-22.4667,-68.9333,19.38,23,5,0.86,CL,1698325911
310,kushiro,42.975,144.3747,9.45,91,9,2.04,JP,1698325408
311,ketchikan,55.3422,-131.6461,7.99,48,0,3.6,US,1698325978
312,masterton,-40.9597,175.6575,11.6,82,100,7.97,NZ,1698325831
313,nishinoomote,30.7333,131.0,22.23,51,0,3.73,JP,1698325978
314,sanga-sanga,5.0725,119.7853,28.76,67,95,1.86,PH,1698325978
315,jiuquan,39.7432,98.5174,12.46,18,0,2.71,CN,1698325979
316,abaza,52.655,90.0928,8.51,62,64,2.02,RU,1698325979
317,ylitornio,66.3089,23.6773,-0.35,98,100,2.03,FI,1698325979
318,gaoyou,32.7858,119.4278,19.79,66,100,4.75,CN,1698325853
319,watari,38.035,140.8511,14.32,78,1,1.74,JP,1698325979
320,blagoveshchensk,50.2667,127.5333,0.83,43,0,2.74,RU,1698325979
321,pingliang,35.5392,106.6861,12.57,56,90,1.5,CN,1698325733
322,vylkove,45.4021,29.586,22.96,52,100,6.2,UA,1698325980
323,baruun-urt,46.6806,113.2792,5.05,29,15,2.45,MN,1698325980
324,chibougamau,49.9168,-74.3659,1.79,93,100,3.09,CA,1698325980
325,port saint john's,-31.6229,29.5448,26.09,67,94,8.08,ZA,1698325980
326,kailua-kona,19.6406,-155.9956,24.77,77,0,3.58,US,1698325764
327,acarau,-2.8856,-40.12,30.41,54,54,6.73,BR,1698325981
328,freetown,8.484,-13.2299,28.38,77,99,3.05,SL,1698325981
329,katsuren-haebaru,26.3369,127.8719,24.01,73,20,2.06,JP,1698325981
330,karratha,-20.7377,116.8463,30.9,33,9,5.23,AU,1698325922
331,charters towers,-20.1,146.2667,23.38,62,6,2.07,AU,1698325982
332,howard springs,-12.497,131.047,29.95,74,65,3.36,AU,1698325982
333,upington,-28.4478,21.2561,41.21,4,20,3.6,ZA,1698325982
334,sandnessjoen,66.0217,12.6316,5.23,65,20,2.57,NO,1698325983
335,swift current,50.2834,-107.8014,-11.55,85,100,4.12,CA,1698325983
336,touros,-5.1989,-35.4608,29.21,61,38,5.76,BR,1698325984
337,mili,6.0815,171.735,28.44,77,61,5.35,MH,1698325984
338,fray luis beltran,-39.3167,-65.7667,24.29,40,0,9.49,AR,1698325984
339,uzhur,55.3036,89.8339,8.59,56,100,7.53,RU,1698325689
340,holualoa,19.6228,-155.9522,22.7,74,0,3.58,US,1698325984
341,ugbokpo,7.6565,7.8664,33.46,47,92,0.51,NG,1698325984
342,paita,-5.0892,-81.1144,20.38,84,98,5.24,PE,1698325978
343,luderitz,-26.6481,15.1594,21.19,60,8,4.79,NA,1698325985
344,nageswari,25.9688,89.693,25.25,72,0,2.28,BD,1698325985
345,yuzhno-kurilsk,44.0306,145.8556,11.32,87,2,2.46,RU,1698325985
346,colonia,50.9333,6.95,13.79,77,20,1.54,DE,1698325742
347,bodo,67.28,14.405,3.02,92,75,6.17,NO,1698325985
348,saquarema,-22.92,-42.5103,21.02,82,98,3.42,BR,1698325877
349,enewetak,11.3474,162.3373,28.76,79,70,6.11,MH,1698325986
350,olinda,-8.0089,-34.8553,29.85,58,40,7.2,BR,1698325987
351,ateli mandi,28.1,76.2833,26.81,21,0,2.6,IN,1698325987
352,el golaa,33.4849,9.0068,28.84,29,55,5.73,TN,1698325987
353,vilhena,-12.7406,-60.1458,31.45,45,25,2.12,BR,1698325988
354,cumming,34.2073,-84.1402,17.95,94,6,1.96,US,1698325988
355,auki,-8.7676,160.7034,25.78,81,92,1.26,SB,1698325988
356,kavaratti,10.5669,72.642,28.77,70,45,3.72,IN,1698325751
357,sao vicente,-23.9631,-46.3919,25.15,62,100,0.89,BR,1698325988
358,yashan,22.1975,109.9419,24.25,82,13,1.02,CN,1698325988
359,caleta de carquin,-11.0925,-77.6267,19.46,82,77,2.71,PE,1698325989
360,launceston,-41.45,147.1667,6.86,70,5,4.12,AU,1698325848
361,callao,-12.0667,-77.15,19.84,82,100,1.03,PE,1698325612
362,mo i rana,66.3128,14.1428,4.26,65,0,3.09,NO,1698325989
363,sisimiut,66.9395,-53.6735,-0.92,87,91,8.51,GL,1698325989
364,brewton,31.1052,-87.0722,20.19,92,1,3.02,US,1698325989
365,santa marta,11.2408,-74.199,28.83,76,100,0.89,CO,1698325989
366,cole harbour,44.6724,-63.4751,16.66,88,20,2.06,CA,1698325913
367,altai,46.3722,96.2583,3.37,34,20,2.72,MN,1698325907
368,corner brook,48.9667,-57.9484,9.09,93,100,3.46,CA,1698325965
369,santiago de cuba,20.0247,-75.8219,26.06,69,20,4.12,CU,1698325990
370,pontianak,-0.0333,109.3333,24.99,94,75,1.54,ID,1698325601
371,flying fish cove,-10.4217,105.6791,25.82,88,100,4.63,CX,1698325991
372,al jaradiyah,16.5795,42.9124,30.72,59,51,5.1,SA,1698325991
373,igrim,63.1906,64.4162,-5.32,76,83,3.99,RU,1698325991
374,mitu,1.1983,-70.1733,28.59,68,91,1.21,CO,1698325991
375,new norfolk,-42.7826,147.0587,8.29,94,52,1.26,AU,1698325992
376,kalibo (poblacion),11.7061,122.3644,25.66,82,39,0.97,PH,1698325992
377,olenegorsk,68.15,33.3,-4.19,87,100,2.8,RU,1698325992
378,erenhot,43.6475,111.9767,10.71,22,6,3.52,CN,1698325992
379,darovskoy,58.77,47.9564,-2.49,70,7,1.92,RU,1698325992
380,sao caetano de odivelas,-0.75,-48.02,30.89,56,99,4.42,BR,1698325993
381,vila velha,-20.3297,-40.2925,28.97,70,40,5.14,BR,1698325993
382,kaa-khem,51.6833,94.7333,8.0,38,100,0.98,RU,1698325993
383,hola,51.5377,23.1902,14.1,72,100,3.86,PL,1698325993
384,alindao,5.0267,21.2088,25.15,82,100,3.22,CF,1698325993
385,burutu,5.3509,5.5076,31.08,59,92,0.76,NG,1698325993
386,utrik,11.2278,169.8474,27.74,76,42,4.59,MH,1698325994
387,rabo de peixe,37.8,-25.5833,19.99,99,20,5.14,PT,1698325994
388,riachao,-7.3619,-46.6172,32.37,42,19,3.49,BR,1698325994
389,geyve,40.5075,30.2925,26.51,46,100,2.79,TR,1698325994
390,puerto francisco de orellana,-0.4667,-76.9667,24.31,89,100,0.43,EC,1698325919
391,kaedi,16.1465,-13.5047,40.9,10,94,6.34,MR,1698325994
392,playa del ingles,27.7567,-15.5787,25.22,68,13,1.34,ES,1698325748
393,vila do maio,15.1333,-23.2167,32.44,78,100,7.85,CV,1698325995
394,gamboma,-1.8764,15.8644,30.58,58,79,3.29,CG,1698325995
395,camrose,53.0168,-112.8353,-9.26,78,100,2.99,CA,1698325900
396,kerikeri,-35.2268,173.9474,16.62,89,44,1.34,NZ,1698325902
397,st. john's,47.5649,-52.7093,12.1,96,100,4.63,CA,1698325995
398,gadzhiyevo,69.2551,33.3362,-3.38,90,100,3.81,RU,1698325995
399,daru,-9.0763,143.2092,25.26,86,87,4.86,PG,1698325686
400,birjand,32.8663,59.2211,22.94,22,85,4.7,IR,1698325996
401,kisanga,-7.4362,37.7034,36.26,31,11,2.96,TZ,1698325996
402,la mure,44.9026,5.7866,13.85,92,100,1.89,FR,1698325996
403,bayan,46.0833,127.4,2.62,35,19,2.65,CN,1698325852
404,mohr,54.3528,9.7167,10.64,93,75,6.17,DE,1698325997
405,kassala,15.451,36.4,34.73,29,100,1.99,SD,1698325997
406,al 'amarah,31.8406,47.1396,29.81,30,0,4.84,IQ,1698325907
407,minas de marcona,-15.2119,-75.1103,15.89,76,69,2.92,PE,1698325904
408,sipalay,9.75,122.5,25.82,87,100,1.05,PH,1698325997
409,los osos,35.3111,-120.8324,13.88,90,0,3.13,US,1698325997
410,deoli,25.75,75.3833,27.15,22,0,2.27,IN,1698325997
411,brookings,44.3114,-96.7984,11.77,99,100,2.06,US,1698325913
412,belabo,4.9333,13.3,25.06,83,97,0.67,CM,1698325998
413,cafayate,-26.073,-65.9761,18.85,59,100,3.47,AR,1698325998
414,tucupita,9.0622,-62.051,28.79,71,82,1.25,VE,1698325491
415,cockburn town,21.4612,-71.1419,27.75,60,99,9.45,TC,1698325856
416,nuuk,64.1835,-51.7216,-0.07,86,75,10.8,GL,1698325998
417,prince rupert,54.3161,-130.3201,7.83,62,0,4.12,CA,1698325998
418,salekhard,66.53,66.6019,-9.67,89,100,2.07,RU,1698325999
419,magadan,59.5667,150.8,-6.01,76,17,2.01,RU,1698325999
420,ust-nera,64.5667,143.2,-21.52,93,97,1.36,RU,1698325999
421,bijawar,24.6333,79.5,23.08,37,0,1.39,IN,1698325999
422,kargat,55.1956,80.2811,0.98,74,100,8.01,RU,1698325999
423,miyako,39.6367,141.9525,13.12,86,25,1.76,JP,1698325999
424,gwadar,25.1216,62.3254,27.96,69,100,5.72,PK,1698325999
425,vernon,50.2581,-119.2691,0.16,59,100,1.03,CA,1698326000
426,campos belos,-13.0367,-46.7717,30.8,45,100,1.98,BR,1698326000
427,hadibu,12.65,54.0333,27.82,78,28,4.6,YE,1698326001
428,vila franca do campo,37.7167,-25.4333,20.49,99,100,2.96,PT,1698326001
429,santa eularia des riu,38.9846,1.5341,23.5,74,0,8.75,ES,1698326001
430,gahanna,40.0192,-82.8793,16.91,78,75,2.57,US,1698325902
431,ghat,24.9647,10.1728,34.02,11,11,3.96,LY,1698326001
432,pangkalpinang,-2.1333,106.1333,27.87,70,60,4.17,ID,1698325935
433,zabid,14.1951,43.3152,25.78,79,100,9.1,YE,1698326001
434,puerto madero,14.7208,-92.4215,24.11,100,75,2.57,MX,1698326001
435,yarmouth,41.7057,-70.2286,18.87,86,0,2.57,US,1698325974
436,port hedland,-20.3167,118.5667,29.03,45,9,2.06,AU,1698325863
437,north platte,41.1239,-100.7654,2.94,100,100,3.09,US,1698325896
438,villa gesell,-37.2639,-56.973,16.88,54,0,6.58,AR,1698325971
439,santyoku,37.4406,129.1708,16.11,83,100,3.85,KR,1698326003
440,pangody,65.85,74.4859,-8.57,94,70,4.09,RU,1698326003
441,beaufort,5.3473,115.7455,24.35,96,100,0.7,MY,1698326003
442,conception bay south,47.4999,-52.9981,11.97,96,100,5.83,CA,1698325939
443,yermentau,51.6214,73.1069,-0.85,49,100,7.52,KZ,1698326003
444,carutapera,-1.195,-46.02,28.37,67,100,4.04,BR,1698326004
445,forster,-32.1667,152.5167,12.94,100,100,7.36,AU,1698326004
446,shangzhi,45.2167,127.9667,2.26,40,1,1.63,CN,1698325762
447,jibou,47.2667,23.25,14.62,70,100,5.64,RO,1698326004
448,kavieng,-2.5744,150.7967,27.57,78,100,4.23,PG,1698326005
449,saint-pierre,-21.3393,55.4781,27.82,69,75,4.63,RE,1698326005
450,jalai nur,49.45,117.7,0.71,38,20,1.44,CN,1698326005
451,ke-macina,13.9623,-5.3572,38.34,9,97,2.54,ML,1698326006
452,port lincoln,-34.7333,135.8667,12.76,70,9,7.16,AU,1698326006
453,sinjar,36.3209,41.8754,26.41,31,38,2.24,IQ,1698326006
454,nanning,22.8167,108.3167,25.84,74,10,1.74,CN,1698325388
455,posto fiscal rolim de moura,-13.0833,-62.2667,30.19,55,100,1.66,BR,1698325874
456,slave lake,55.2834,-114.769,-6.01,86,100,7.2,CA,1698326006
457,middelfart,55.5059,9.7305,9.21,87,100,6.45,DK,1698326007
458,sangmelima,2.9333,11.9833,27.68,58,99,1.72,CM,1698326007
459,bukama,-9.2,25.85,37.44,28,18,1.56,CD,1698326007
460,tosontsengel,48.7567,98.2839,4.17,38,94,0.5,MN,1698326007
461,constitucion,-35.3333,-72.4167,14.45,65,0,0.94,CL,1698326007
462,ocala,29.1872,-82.1401,23.3,85,75,2.57,US,1698326007
463,dombarovskiy,50.7587,59.5386,-1.11,60,41,5.36,RU,1698326008
464,saint-philippe,-21.3585,55.7679,27.77,80,31,2.03,RE,1698326008
465,bestobe,52.4994,73.0975,-0.4,53,82,8.03,KZ,1698326008
466,george town,5.4112,100.3354,27.96,89,40,2.06,MY,1698326008
467,ceylanpinar,36.8472,40.05,28.05,29,100,4.05,TR,1698325981
468,laguna,38.421,-121.4238,11.71,91,0,3.6,US,1698326008
469,bathurst,-33.4166,149.5806,8.24,93,80,4.56,AU,1698325660
470,demyansk,57.643,32.466,0.61,60,100,5.26,RU,1698326009
471,remire-montjoly,4.9167,-52.2667,31.02,62,40,3.6,GF,1698326009
472,makarov,48.6333,142.8,8.84,96,100,2.4,RU,1698326009
473,sambuca di sicilia,37.6494,13.1109,20.97,77,97,6.33,IT,1698325814
474,margate,51.3813,1.3862,16.61,78,24,1.34,GB,1698326010
475,namdrik,5.5994,168.1028,28.77,72,100,3.95,MH,1698326010
476,el fasher,13.6279,25.3494,35.43,15,87,4.51,SD,1698326010
477,belomorsk,64.5232,34.7668,-2.24,73,97,2.25,RU,1698326010
478,puerto ayacucho,5.6639,-67.6236,27.16,76,79,1.81,VE,1698325942
479,lhasa,29.65,91.1,7.07,24,3,1.72,CN,1698325843
480,lorengau,-2.0226,147.2712,26.51,79,100,1.85,PG,1698326011
481,novogrudok,53.6,25.8333,2.92,95,100,3.95,BY,1698326012
482,kolobrzeg,54.1757,15.5834,11.65,78,99,4.93,PL,1698325799
483,aykhal,66.0,111.5,-12.59,99,97,1.42,RU,1698325799
484,kathmandu,27.7167,85.3167,20.12,73,75,2.57,NP,1698325391
485,as sulayyil,20.4607,45.5779,30.14,38,100,7.25,SA,1698326012
486,sil-li,39.4947,125.4736,10.46,41,0,3.85,KP,1698325862
487,sainte-suzanne,-20.9061,55.6089,29.1,75,40,1.54,RE,1698326013
488,lucheng,31.2336,117.2806,22.26,45,100,0.71,CN,1698326013
489,prince george,53.9166,-122.753,-4.3,66,0,5.14,CA,1698326013
490,manokwari,-0.8667,134.0833,26.55,83,43,1.31,ID,1698326013
491,betio village,1.358,172.9211,26.02,78,48,3.88,KI,1698326013
492,pemangkat,1.1667,108.9667,26.21,84,100,2.01,ID,1698326014
493,luanda,-8.8368,13.2343,29.0,65,20,7.72,AO,1698325881
494,kamaishi,39.2667,141.8833,14.02,84,32,2.16,JP,1698325721
495,san rafael del sur,11.8485,-86.4384,24.8,90,100,2.29,NI,1698325947
496,westport,41.1415,-73.3579,18.15,77,0,2.68,US,1698326014
497,cascais,38.6979,-9.4215,21.39,93,75,8.94,PT,1698326014
498,ondjiva,-17.0667,15.7333,36.86,14,93,2.36,AO,1698325999
499,xiva,41.3783,60.3639,12.99,38,100,1.99,UZ,1698325826
500,pamiers,43.0833,1.5,18.39,72,100,2.29,FR,1698326014
501,heyuan,23.7333,114.6833,24.72,85,17,0.05,CN,1698326015
502,wynyard,-41.0,145.7167,6.53,76,0,3.75,AU,1698326015
503,barcelos,41.5388,-8.6151,18.08,91,100,6.36,PT,1698326015
504,taoudenni,22.6783,-3.9836,38.76,12,52,5.98,ML,1698326015
505,kralendijk,12.15,-68.2667,27.42,79,100,2.22,BQ,1698326016
506,cabo san lucas,22.8909,-109.9124,23.75,70,0,3.27,MX,1698326016
507,san andres,12.5847,-81.7006,30.01,79,20,1.54,CO,1698325897
508,lensk,60.7253,114.9278,-0.68,95,100,1.88,RU,1698326016
509,kirensk,57.7853,108.1119,1.65,96,100,4.92,RU,1698326017
510,esteio,-29.8614,-51.1792,20.01,68,75,2.57,BR,1698325922
511,kalengwa,-13.4659,25.0027,37.19,13,74,4.69,ZM,1698326017
512,misratah,32.3754,15.0925,25.49,63,0,4.86,LY,1698326017
513,weno,7.4515,151.8468,25.97,100,75,1.54,FM,1698326017
514,bontang,0.1333,117.5,26.95,83,78,2.86,ID,1698326017
515,tianpeng,30.9866,103.9393,16.78,75,100,2.1,CN,1698326018
516,mersa matruh,31.3525,27.2453,26.68,49,100,2.28,EG,1698326018
517,al jahra',29.3375,47.6581,28.68,34,0,3.18,KW,1698326018
518,galliano,29.4422,-90.2992,25.0,83,0,2.57,US,1698326018
519,lubang,13.8584,120.124,28.71,72,62,1.42,PH,1698326018
520,i-n-salah,27.1935,2.4607,35.56,16,0,3.35,DZ,1698326003
521,kulhudhuffushi,6.6221,73.07,28.77,71,2,3.71,MV,1698325940
522,tommot,58.9564,126.2925,-16.36,98,46,1.18,RU,1698326019
523,goiatuba,-18.0125,-49.3547,30.99,39,72,3.32,BR,1698325859
524,tympaki,35.0729,24.7685,25.12,73,100,4.47,GR,1698326019
525,sola,-13.8833,167.55,26.22,84,100,1.9,VU,1698326019
526,nadym,65.5333,72.5167,-7.45,93,89,4.3,RU,1698326020
527,ponta delgada,37.7333,-25.6667,20.66,59,20,3.6,PT,1698325971
528,lerwick,60.1545,-1.1494,9.0,82,100,11.05,GB,1698326020
529,visby,57.6409,18.296,6.13,87,75,4.63,SE,1698326020
530,khovd,48.0056,91.6419,8.91,30,100,4.29,MN,1698326021
531,codrington,-38.2667,141.9667,10.86,64,80,5.67,AU,1698326021
532,dinga,32.6398,73.722,25.59,25,0,1.83,PK,1698325982
533,mandalgovi,45.7625,106.2708,7.61,21,8,3.4,MN,1698326022
534,camayenne,9.535,-13.6878,30.05,70,20,2.06,GN,1698326022
535,lahad datu,5.0268,118.327,25.5,90,88,1.69,MY,1698325930
536,marka,1.7159,44.7717,28.25,73,82,4.75,SO,1698326022
537,wakkanai,45.4094,141.6739,12.83,86,100,4.92,JP,1698326016
538,fuglafjordur,62.244,-6.814,10.26,89,27,10.55,FO,1698326022
539,nyurba,63.2842,118.3319,-8.06,94,100,1.78,RU,1698326022
540,sinabang,2.4803,96.3801,26.19,85,100,2.84,ID,1698326023
541,sarh,9.1429,18.3923,34.64,38,47,2.34,TD,1698326007
542,waingapu,-9.6567,120.2641,27.28,73,3,0.68,ID,1698325991
543,severo-yeniseyskiy,60.3725,93.0408,0.88,97,100,2.68,RU,1698326023
544,melekeok village,7.4957,134.6367,26.31,94,75,0.0,PW,1698326023
545,saint-paul,-21.0096,55.2707,29.05,86,10,0.89,RE,1698326023
546,los altos,37.3852,-122.1141,10.86,78,0,3.09,US,1698325833
547,kardla,58.9978,22.7492,1.7,69,75,4.12,EE,1698326024
548,sibut,5.718,19.0739,23.69,90,100,2.87,CF,1698325866
549,sao felix do xingu,-6.6447,-51.995,32.5,49,100,1.83,BR,1698325954
550,chicoana,-25.1009,-65.5331,18.92,66,100,2.0,AR,1698326024
551,aegina,37.7467,23.4275,26.62,72,77,2.61,GR,1698326024
552,sierra grande,-41.606,-65.3557,22.68,18,12,5.01,AR,1698325911
553,kataba,13.9833,44.3833,18.19,71,100,3.07,YE,1698326024
554,avra valley,32.4379,-111.3154,16.84,63,4,0.0,US,1698326025
555,mount pearl,47.5166,-52.7813,11.64,96,100,4.63,CA,1698326025
556,mayahi,13.9553,7.6712,35.77,9,72,0.69,NE,1698326025
557,guerrero negro,27.9769,-114.0611,17.11,82,18,4.7,MX,1698326025
558,tangalle,6.024,80.7911,26.47,80,7,2.07,LK,1698326025
559,ongjin,37.9347,125.3619,14.41,57,0,6.54,KP,1698326026
560,quellon,-43.1167,-73.6167,8.93,91,100,3.41,CL,1698326026
561,salaga,8.5508,-0.5188,35.61,39,99,0.91,GH,1698326026
562,antsiranana,-12.2787,49.2917,28.33,62,4,5.34,MG,1698326018
563,datong,40.0936,113.2914,12.09,27,0,2.12,CN,1698326026
564,vinton,37.281,-79.897,17.87,78,0,2.06,US,1698326026
565,lepsy,46.235,78.9456,16.71,59,100,10.21,KZ,1698326027
566,zaozersk,69.4005,32.4476,-3.78,93,100,3.88,RU,1698326027
567,tevriz,57.509,72.4042,-5.23,79,100,4.16,RU,1698326027
568,puerto madryn,-42.7692,-65.0385,19.72,29,100,8.59,AR,1698325910
569,sheksna,59.21,38.5107,-0.02,62,40,2.1,RU,1698326028
570,sorsk,54.0033,90.2467,9.54,57,100,5.32,RU,1698326028
571,chittagong,22.9167,91.5,24.92,83,0,0.87,BD,1698325760
572,arvayheer,46.2639,102.775,6.1,25,0,3.07,MN,1698326028
573,xapuri,-10.6517,-68.5044,30.51,58,18,2.32,BR,1698326029
574,mossel bay,-34.1831,22.146,22.96,74,87,3.8,ZA,1698326029
575,chegdomyn,51.1167,133.0167,-1.63,85,100,2.84,RU,1698326029
576,pitimbu,-7.4706,-34.8086,30.33,70,98,4.35,BR,1698326029
577,vilyuysk,63.7553,121.6247,-8.33,95,86,2.24,RU,1698326029
578,sakaiminato,35.55,133.2333,17.85,74,0,4.02,JP,1698326029
579,barra de santo antonio,-9.4047,-35.5072,29.6,61,15,8.32,BR,1698326030
580,tabas,33.5959,56.9244,26.7,26,100,3.53,IR,1698326011
581,novodvinsk,64.4165,40.8122,-1.23,83,100,3.02,RU,1698325920
582,santa teresa,10.2341,-66.6631,25.41,90,100,1.12,VE,1698326030
583,stantsiya novyy afon,43.0806,40.8383,19.47,74,100,4.89,GE,1698325795
584,rabaul,-4.1967,152.1721,25.8,85,100,6.86,PG,1698326030
585,venancio aires,-29.6064,-52.1919,21.26,74,84,1.58,BR,1698325779
586,cova figueira,14.8905,-24.2934,25.5,76,100,7.46,CV,1698325870
587,zakynthos,37.7914,20.8953,22.68,78,20,4.12,GR,1698326030
